Time,Displacement,Force
(s),(mm),(kN)
"0.0000","0.0000","-0.0001"
"0.1000","0.0001","-0.0001"
"0.2000","0.0003","-0.0001"
"0.3000","0.0008","-0.0001"
"0.4000","0.0022","-0.0001"
"0.5000","0.0044","-0.0001"
"0.6000","0.0069","-0.0001"
"0.7000","0.0097","-0.0001"
"0.8000","0.0125","-0.0001"
"0.9000","0.0151","-0.0001"
"1.0000","0.0176","-0.0001"
"1.1000","0.0199","-0.0001"
"1.2000","0.0222","-0.0001"
"1.3000","0.0246","-0.0001"
"1.4000","0.0273","-0.0001"
"1.5000","0.0301","-0.0001"
"1.6000","0.0328","-0.0001"
"1.7000","0.0353","-0.0001"
"1.8000","0.0375","-0.0001"
"1.9000","0.0397","-0.0001"
"2.0000","0.0418","-0.0001"
"2.1000","0.0441","-0.0001"
"2.2000","0.0467","-0.0001"
"2.3000","0.0494","-0.0001"
"2.4000","0.0520","-0.0001"
"2.5000","0.0544","-0.0001"
"2.6000","0.0570","-0.0001"
"2.7000","0.0597","-0.0001"
"2.8000","0.0624","-0.0001"
"2.9000","0.0652","-0.0001"
"3.0000","0.0677","-0.0001"
"3.1000","0.0701","-0.0001"
"3.2000","0.0725","-0.0001"
"3.3000","0.0749","-0.0001"
"3.4000","0.0773","-0.0001"
"3.5000","0.0798","-0.0001"
"3.6000","0.0825","-0.0001"
"3.7000","0.0852","-0.0001"
"3.8000","0.0877","-0.0001"
"3.9000","0.0899","-0.0001"
"4.0000","0.0921","-0.0001"
"4.1000","0.0943","-0.0001"
"4.2000","0.0967","-0.0001"
"4.3000","0.0994","-0.0001"
"4.4000","0.1022","-0.0001"
"4.5000","0.1048","-0.0001"
"4.6000","0.1072","-0.0001"
"4.7000","0.1098","-0.0001"
"4.8000","0.1125","-0.0001"
"4.9000","0.1152","-0.0001"
"5.0000","0.1177","-0.0001"
"5.1000","0.1202","-0.0001"
"5.2000","0.1225","-0.0001"
"5.3000","0.1248","-0.0001"
"5.4000","0.1271","-0.0001"
"5.5000","0.1296","-0.0001"
"5.6000","0.1322","-0.0001"
"5.7000","0.1350","-0.0001"
"5.8000","0.1377","-0.0001"
"5.9000","0.1401","-0.0001"
"6.0000","0.1423","-0.0001"
"6.1000","0.1445","-0.0001"
"6.2000","0.1467","-0.0001"
"6.3000","0.1491","-0.0001"
"6.4000","0.1519","-0.0001"
"6.5000","0.1547","-0.0001"
"6.6000","0.1573","-0.0001"
"6.7000","0.1597","-0.0001"
"6.8000","0.1622","-0.0001"
"6.9000","0.1648","-0.0001"
"7.0000","0.1675","-0.0001"
"7.1000","0.1701","-0.0001"
"7.2000","0.1726","-0.0001"
"7.3000","0.1749","-0.0001"
"7.4000","0.1772","-0.0001"
"7.5000","0.1796","-0.0001"
"7.6000","0.1821","-0.0001"
"7.7000","0.1849","-0.0001"
"7.8000","0.1876","-0.0001"
"7.9000","0.1902","-0.0001"
"8.0000","0.1927","-0.0001"
"8.1000","0.1949","-0.0001"
"8.2000","0.1970","-0.0001"
"8.3000","0.1993","-0.0001"
"8.4000","0.2018","-0.0001"
"8.5000","0.2045","-0.0001"
"8.6000","0.2072","-0.0001"
"8.7000","0.2098","-0.0001"
"8.8000","0.2123","-0.0001"
"8.9000","0.2149","-0.0001"
"9.0000","0.2177","-0.0001"
"9.1000","0.2205","-0.0001"
"9.2000","0.2229","-0.0001"
"9.3000","0.2252","-0.0001"
"9.4000","0.2275","-0.0001"
"9.5000","0.2298","-0.0001"
"9.6000","0.2322","-0.0001"
"9.7000","0.2348","-0.0001"
"9.8000","0.2376","-0.0001"
"9.9000","0.2404","-0.0001"
"10.0000","0.2429","-0.0001"
"10.1000","0.2452","-0.0001"
"10.2000","0.2472","-0.0001"
"10.3000","0.2493","-0.0001"
"10.4000","0.2516","-0.0001"
"10.5000","0.2541","-0.0001"
"10.6000","0.2569","-0.0001"
"10.7000","0.2597","-0.0001"
"10.8000","0.2622","-0.0001"
"10.9000","0.2647","-0.0001"
"11.0000","0.2673","-0.0001"
"11.1000","0.2700","-0.0001"
"11.2000","0.2726","-0.0001"
"11.3000","0.2751","-0.0001"
"11.4000","0.2776","-0.0001"
"11.5000","0.2800","-0.0001"
"11.6000","0.2824","-0.0001"
"11.7000","0.2848","-0.0001"
"11.8000","0.2873","-0.0001"
"11.9000","0.2899","-0.0001"
"12.0000","0.2925","-0.0001"
"12.1000","0.2951","-0.0001"
"12.2000","0.2974","-0.0001"
"12.3000","0.2996","-0.0001"
"12.4000","0.3018","-0.0001"
"12.5000","0.3042","-0.0001"
"12.6000","0.3068","-0.0001"
"12.7000","0.3096","-0.0001"
"12.8000","0.3123","-0.0001"
"12.9000","0.3148","-0.0001"
"13.0000","0.3173","-0.0001"
"13.1000","0.3200","-0.0001"
"13.2000","0.3228","-0.0001"
"13.3000","0.3254","-0.0001"
"13.4000","0.3278","-0.0001"
"13.5000","0.3301","-0.0001"
"13.6000","0.3324","-0.0001"
"13.7000","0.3348","-0.0001"
"13.8000","0.3373","-0.0001"
"13.9000","0.3400","-0.0001"
"14.0000","0.3428","-0.0001"
"14.1000","0.3455","-0.0001"
"14.2000","0.3480","-0.0001"
"14.3000","0.3502","-0.0001"
"14.4000","0.3523","-0.0001"
"14.5000","0.3544","-0.0001"
"14.6000","0.3567","-0.0001"
"14.7000","0.3593","-0.0001"
"14.8000","0.3621","-0.0001"
"14.9000","0.3646","-0.0001"
"15.0000","0.3670","-0.0001"
"15.1000","0.3695","-0.0001"
"15.2000","0.3721","-0.0001"
"15.3000","0.3748","0.0000"
"15.4000","0.3776","-0.0001"
"15.5000","0.3802","-0.0001"
"15.6000","0.3826","0.0000"
"15.7000","0.3849","0.0000"
"15.8000","0.3872","0.0000"
"15.9000","0.3897","0.0000"
"16.0000","0.3924","0.0000"
"16.1000","0.3952","0.0000"
"16.2000","0.3978","0.0000"
"16.3000","0.4003","0.0000"
"16.4000","0.4025","0.0000"
"16.5000","0.4046","-0.0001"
"16.6000","0.4067","0.0000"
"16.7000","0.4091","0.0000"
"16.8000","0.4118","0.0000"
"16.9000","0.4146","0.0000"
"17.0000","0.4173","0.0000"
"17.1000","0.4198","0.0000"
"17.2000","0.4224","0.0000"
"17.3000","0.4252","0.0000"
"17.4000","0.4279","0.0000"
"17.5000","0.4304","0.0000"
"17.6000","0.4329","0.0000"
"17.7000","0.4351","0.0000"
"17.8000","0.4374","0.0000"
"17.9000","0.4397","0.0000"
"18.0000","0.4422","0.0000"
"18.1000","0.4449","0.0000"
"18.2000","0.4476","0.0000"
"18.3000","0.4501","0.0000"
"18.4000","0.4524","0.0000"
"18.5000","0.4546","0.0000"
"18.6000","0.4568","0.0000"
"18.7000","0.4590","0.0000"
"18.8000","0.4614","0.0000"
"18.9000","0.4641","0.0000"
"19.0000","0.4669","0.0000"
"19.1000","0.4696","0.0000"
"19.2000","0.4721","0.0000"
"19.3000","0.4747","0.0000"
"19.4000","0.4775","0.0000"
"19.5000","0.4803","0.0000"
"19.6000","0.4828","0.0000"
"19.7000","0.4852","0.0000"
"19.8000","0.4876","0.0000"
"19.9000","0.4899","0.0000"
"20.0000","0.4922","0.0000"
"20.1000","0.4947","0.0000"
"20.2000","0.4974","0.0000"
"20.3000","0.5001","0.0000"
"20.4000","0.5027","0.0000"
"20.5000","0.5051","0.0000"
"20.6000","0.5073","0.0000"
"20.7000","0.5095","0.0000"
"20.8000","0.5118","0.0000"
"20.9000","0.5143","0.0001"
"21.0000","0.5171","0.0000"
"21.1000","0.5200","0.0001"
"21.2000","0.5226","0.0001"
"21.3000","0.5251","0.0000"
"21.4000","0.5278","0.0001"
"21.5000","0.5304","0.0001"
"21.6000","0.5330","0.0001"
"21.7000","0.5354","0.0001"
"21.8000","0.5378","0.0001"
"21.9000","0.5401","0.0001"
"22.0000","0.5423","0.0001"
"22.1000","0.5447","0.0001"
"22.2000","0.5472","0.0001"
"22.3000","0.5499","0.0001"
"22.4000","0.5526","0.0001"
"22.5000","0.5553","0.0001"
"22.6000","0.5576","0.0001"
"22.7000","0.5598","0.0001"
"22.8000","0.5620","0.0001"
"22.9000","0.5643","0.0001"
"23.0000","0.5668","0.0001"
"23.1000","0.5696","0.0001"
"23.2000","0.5723","0.0001"
"23.3000","0.5748","0.0001"
"23.4000","0.5773","0.0001"
"23.5000","0.5798","0.0001"
"23.6000","0.5826","0.0001"
"23.7000","0.5852","0.0001"
"23.8000","0.5876","0.0001"
"23.9000","0.5900","0.0001"
"24.0000","0.5923","0.0001"
"24.1000","0.5947","0.0002"
"24.2000","0.5971","0.0002"
"24.3000","0.5997","0.0002"
"24.4000","0.6023","0.0002"
"24.5000","0.6050","0.0002"
"24.6000","0.6076","0.0002"
"24.7000","0.6099","0.0002"
"24.8000","0.6121","0.0002"
"24.9000","0.6142","0.0002"
"25.0000","0.6165","0.0002"
"25.1000","0.6190","0.0002"
"25.2000","0.6217","0.0002"
"25.3000","0.6245","0.0002"
"25.4000","0.6270","0.0002"
"25.5000","0.6296","0.0002"
"25.6000","0.6323","0.0002"
"25.7000","0.6352","0.0002"
"25.8000","0.6379","0.0002"
"25.9000","0.6403","0.0002"
"26.0000","0.6428","0.0002"
"26.1000","0.6451","0.0002"
"26.2000","0.6474","0.0003"
"26.3000","0.6499","0.0003"
"26.4000","0.6526","0.0002"
"26.5000","0.6553","0.0003"
"26.6000","0.6580","0.0003"
"26.7000","0.6604","0.0003"
"26.8000","0.6626","0.0003"
"26.9000","0.6646","0.0003"
"27.0000","0.6668","0.0003"
"27.1000","0.6692","0.0003"
"27.2000","0.6719","0.0003"
"27.3000","0.6747","0.0003"
"27.4000","0.6773","0.0003"
"27.5000","0.6797","0.0003"
"27.6000","0.6822","0.0003"
"27.7000","0.6848","0.0003"
"27.8000","0.6876","0.0003"
"27.9000","0.6902","0.0003"
"28.0000","0.6928","0.0003"
"28.1000","0.6952","0.0003"
"28.2000","0.6975","0.0003"
"28.3000","0.6998","0.0003"
"28.4000","0.7023","0.0003"
"28.5000","0.7048","0.0003"
"28.6000","0.7075","0.0004"
"28.7000","0.7102","0.0004"
"28.8000","0.7127","0.0004"
"28.9000","0.7150","0.0004"
"29.0000","0.7171","0.0004"
"29.1000","0.7193","0.0004"
"29.2000","0.7217","0.0004"
"29.3000","0.7245","0.0004"
"29.4000","0.7273","0.0004"
"29.5000","0.7299","0.0004"
"29.6000","0.7324","0.0004"
"29.7000","0.7350","0.0004"
"29.8000","0.7377","0.0004"
"29.9000","0.7404","0.0004"
"30.0000","0.7430","0.0004"
"30.1000","0.7453","0.0004"
"30.2000","0.7475","0.0004"
"30.3000","0.7498","0.0004"
"30.4000","0.7521","0.0004"
"30.5000","0.7546","0.0004"
"30.6000","0.7572","0.0004"
"30.7000","0.7599","0.0005"
"30.8000","0.7626","0.0005"
"30.9000","0.7650","0.0005"
"31.0000","0.7673","0.0005"
"31.1000","0.7694","0.0005"
"31.2000","0.7717","0.0005"
"31.3000","0.7741","0.0005"
"31.4000","0.7768","0.0005"
"31.5000","0.7796","0.0005"
"31.6000","0.7822","0.0005"
"31.7000","0.7845","0.0005"
"31.8000","0.7870","0.0005"
"31.9000","0.7897","0.0005"
"32.0000","0.7925","0.0005"
"32.1000","0.7952","0.0005"
"32.2000","0.7977","0.0005"
"32.3000","0.8001","0.0005"
"32.4000","0.8025","0.0005"
"32.5000","0.8049","0.0006"
"32.6000","0.8074","0.0006"
"32.7000","0.8100","0.0006"
"32.8000","0.8126","0.0006"
"32.9000","0.8153","0.0006"
"33.0000","0.8178","0.0006"
"33.1000","0.8199","0.0006"
"33.2000","0.8221","0.0006"
"33.3000","0.8243","0.0006"
"33.4000","0.8268","0.0006"
"33.5000","0.8295","0.0006"
"33.6000","0.8323","0.0006"
"33.7000","0.8348","0.0006"
"33.8000","0.8374","0.0006"
"33.9000","0.8401","0.0006"
"34.0000","0.8428","0.0006"
"34.1000","0.8455","0.0006"
"34.2000","0.8479","0.0006"
"34.3000","0.8503","0.0006"
"34.4000","0.8526","0.0007"
"34.5000","0.8549","0.0007"
"34.6000","0.8572","0.0007"
"34.7000","0.8598","0.0007"
"34.8000","0.8626","0.0007"
"34.9000","0.8654","0.0007"
"35.0000","0.8679","0.0007"
"35.1000","0.8701","0.0007"
"35.2000","0.8722","0.0007"
"35.3000","0.8743","0.0007"
"35.4000","0.8767","0.0007"
"35.5000","0.8792","0.0007"
"35.6000","0.8820","0.0007"
"35.7000","0.8847","0.0007"
"35.8000","0.8872","0.0007"
"35.9000","0.8897","0.0007"
"36.0000","0.8923","0.0007"
"36.1000","0.8950","0.0008"
"36.2000","0.8976","0.0008"
"36.3000","0.9001","0.0008"
"36.4000","0.9026","0.0008"
"36.5000","0.9049","0.0008"
"36.6000","0.9072","0.0008"
"36.7000","0.9096","0.0008"
"36.8000","0.9122","0.0008"
"36.9000","0.9149","0.0008"
"37.0000","0.9178","0.0008"
"37.1000","0.9204","0.0008"
"37.2000","0.9227","0.0008"
"37.3000","0.9249","0.0008"
"37.4000","0.9270","0.0008"
"37.5000","0.9293","0.0008"
"37.6000","0.9319","0.0008"
"37.7000","0.9346","0.0008"
"37.8000","0.9372","0.0009"
"37.9000","0.9397","0.0009"
"38.0000","0.9422","0.0009"
"38.1000","0.9449","0.0009"
"38.2000","0.9477","0.0009"
"38.3000","0.9504","0.0009"
"38.4000","0.9528","0.0009"
"38.5000","0.9551","0.0009"
"38.6000","0.9573","0.0009"
"38.7000","0.9596","0.0009"
"38.8000","0.9621","0.0009"
"38.9000","0.9647","0.0009"
"39.0000","0.9674","0.0009"
"39.1000","0.9701","0.0010"
"39.2000","0.9727","0.0010"
"39.3000","0.9750","0.0010"
"39.4000","0.9771","0.0010"
"39.5000","0.9793","0.0010"
"39.6000","0.9817","0.0010"
"39.7000","0.9843","0.0010"
"39.8000","0.9872","0.0010"
"39.9000","0.9899","0.0010"
"40.0000","0.9923","0.0010"
"40.1000","0.9948","0.0010"
"40.2000","0.9973","0.0010"
"40.3000","1.0001","0.0011"
"40.4000","1.0028","0.0011"
"40.5000","1.0054","0.0011"
"40.6000","1.0078","0.0011"
"40.7000","1.0101","0.0011"
"40.8000","1.0124","0.0011"
"40.9000","1.0149","0.0011"
"41.0000","1.0175","0.0011"
"41.1000","1.0202","0.0011"
"41.2000","1.0228","0.0011"
"41.3000","1.0252","0.0012"
"41.4000","1.0274","0.0012"
"41.5000","1.0296","0.0012"
"41.6000","1.0318","0.0012"
"41.7000","1.0342","0.0012"
"41.8000","1.0369","0.0012"
"41.9000","1.0396","0.0012"
"42.0000","1.0422","0.0012"
"42.1000","1.0447","0.0012"
"42.2000","1.0473","0.0012"
"42.3000","1.0500","0.0012"
"42.4000","1.0527","0.0013"
"42.5000","1.0552","0.0013"
"42.6000","1.0576","0.0013"
"42.7000","1.0599","0.0013"
"42.8000","1.0622","0.0013"
"42.9000","1.0645","0.0013"
"43.0000","1.0670","0.0013"
"43.1000","1.0697","0.0013"
"43.2000","1.0725","0.0013"
"43.3000","1.0752","0.0013"
"43.4000","1.0776","0.0014"
"43.5000","1.0798","0.0014"
"43.6000","1.0819","0.0014"
"43.7000","1.0841","0.0014"
"43.8000","1.0866","0.0014"
"43.9000","1.0893","0.0014"
"44.0000","1.0921","0.0014"
"44.1000","1.0948","0.0014"
"44.2000","1.0973","0.0015"
"44.3000","1.0998","0.0015"
"44.4000","1.1025","0.0015"
"44.5000","1.1052","0.0015"
"44.6000","1.1078","0.0015"
"44.7000","1.1103","0.0015"
"44.8000","1.1126","0.0015"
"44.9000","1.1150","0.0015"
"45.0000","1.1174","0.0016"
"45.1000","1.1199","0.0016"
"45.2000","1.1225","0.0016"
"45.3000","1.1252","0.0016"
"45.4000","1.1278","0.0016"
"45.5000","1.1301","0.0016"
"45.6000","1.1323","0.0016"
"45.7000","1.1345","0.0017"
"45.8000","1.1368","0.0017"
"45.9000","1.1393","0.0017"
"46.0000","1.1420","0.0017"
"46.1000","1.1449","0.0017"
"46.2000","1.1474","0.0017"
"46.3000","1.1498","0.0017"
"46.4000","1.1524","0.0018"
"46.5000","1.1552","0.0018"
"46.6000","1.1579","0.0018"
"46.7000","1.1603","0.0018"
"46.8000","1.1626","0.0018"
"46.9000","1.1649","0.0018"
"47.0000","1.1672","0.0018"
"47.1000","1.1696","0.0019"
"47.2000","1.1722","0.0019"
"47.3000","1.1750","0.0019"
"47.4000","1.1778","0.0019"
"47.5000","1.1805","0.0019"
"47.6000","1.1828","0.0020"
"47.7000","1.1849","0.0020"
"47.8000","1.1871","0.0020"
"47.9000","1.1893","0.0020"
"48.0000","1.1918","0.0020"
"48.1000","1.1945","0.0020"
"48.2000","1.1973","0.0021"
"48.3000","1.1998","0.0021"
"48.4000","1.2022","0.0021"
"48.5000","1.2047","0.0021"
"48.6000","1.2073","0.0021"
"48.7000","1.2099","0.0022"
"48.8000","1.2125","0.0022"
"48.9000","1.2149","0.0022"
"49.0000","1.2173","0.0022"
"49.1000","1.2197","0.0022"
"49.2000","1.2221","0.0023"
"49.3000","1.2247","0.0023"
"49.4000","1.2275","0.0023"
"49.5000","1.2302","0.0023"
"49.6000","1.2328","0.0023"
"49.7000","1.2351","0.0023"
"49.8000","1.2373","0.0024"
"49.9000","1.2394","0.0024"
"50.0000","1.2417","0.0024"
"50.1000","1.2443","0.0024"
"50.2000","1.2471","0.0024"
"50.3000","1.2498","0.0025"
"50.4000","1.2523","0.0025"
"50.5000","1.2548","0.0025"
"50.6000","1.2575","0.0025"
"50.7000","1.2602","0.0026"
"50.8000","1.2629","0.0026"
"50.9000","1.2653","0.0026"
"51.0000","1.2676","0.0026"
"51.1000","1.2699","0.0026"
"51.2000","1.2723","0.0026"
"51.3000","1.2747","0.0027"
"51.4000","1.2774","0.0027"
"51.5000","1.2801","0.0027"
"51.6000","1.2827","0.0027"
"51.7000","1.2852","0.0028"
"51.8000","1.2874","0.0028"
"51.9000","1.2895","0.0028"
"52.0000","1.2916","0.0028"
"52.1000","1.2940","0.0028"
"52.2000","1.2966","0.0029"
"52.3000","1.2995","0.0029"
"52.4000","1.3022","0.0029"
"52.5000","1.3047","0.0029"
"52.6000","1.3073","0.0030"
"52.7000","1.3100","0.0030"
"52.8000","1.3127","0.0030"
"52.9000","1.3155","0.0030"
"53.0000","1.3179","0.0031"
"53.1000","1.3203","0.0031"
"53.2000","1.3226","0.0031"
"53.3000","1.3249","0.0031"
"53.4000","1.3273","0.0032"
"53.5000","1.3299","0.0032"
"53.6000","1.3326","0.0032"
"53.7000","1.3352","0.0032"
"53.8000","1.3378","0.0033"
"53.9000","1.3400","0.0033"
"54.0000","1.3421","0.0033"
"54.1000","1.3443","0.0033"
"54.2000","1.3466","0.0034"
"54.3000","1.3492","0.0034"
"54.4000","1.3520","0.0034"
"54.5000","1.3546","0.0035"
"54.6000","1.3571","0.0035"
"54.7000","1.3598","0.0035"
"54.8000","1.3625","0.0035"
"54.9000","1.3652","0.0036"
"55.0000","1.3678","0.0036"
"55.1000","1.3701","0.0036"
"55.2000","1.3724","0.0036"
"55.3000","1.3747","0.0037"
"55.4000","1.3770","0.0037"
"55.5000","1.3795","0.0037"
"55.6000","1.3822","0.0038"
"55.7000","1.3850","0.0038"
"55.8000","1.3878","0.0038"
"55.9000","1.3902","0.0039"
"56.0000","1.3925","0.0039"
"56.1000","1.3946","0.0039"
"56.2000","1.3968","0.0039"
"56.3000","1.3993","0.0040"
"56.4000","1.4021","0.0040"
"56.5000","1.4049","0.0041"
"56.6000","1.4074","0.0041"
"56.7000","1.4098","0.0041"
"56.8000","1.4123","0.0041"
"56.9000","1.4149","0.0042"
"57.0000","1.4176","0.0042"
"57.1000","1.4202","0.0043"
"57.2000","1.4227","0.0043"
"57.3000","1.4251","0.0043"
"57.4000","1.4275","0.0043"
"57.5000","1.4298","0.0044"
"57.6000","1.4323","0.0044"
"57.7000","1.4349","0.0044"
"57.8000","1.4376","0.0045"
"57.9000","1.4402","0.0045"
"58.0000","1.4426","0.0045"
"58.1000","1.4448","0.0046"
"58.2000","1.4469","0.0046"
"58.3000","1.4491","0.0046"
"58.4000","1.4516","0.0047"
"58.5000","1.4543","0.0047"
"58.6000","1.4570","0.0047"
"58.7000","1.4595","0.0048"
"58.8000","1.4620","0.0048"
"58.9000","1.4647","0.0049"
"59.0000","1.4674","0.0049"
"59.1000","1.4701","0.0049"
"59.2000","1.4727","0.0050"
"59.3000","1.4752","0.0050"
"59.4000","1.4775","0.0050"
"59.5000","1.4798","0.0051"
"59.6000","1.4821","0.0051"
"59.7000","1.4847","0.0051"
"59.8000","1.4875","0.0052"
"59.9000","1.4903","0.0052"
"60.0000","1.4929","0.0053"
"60.1000","1.4952","0.0053"
"60.2000","1.4972","0.0053"
"60.3000","1.4994","0.0054"
"60.4000","1.5017","0.0054"
"60.5000","1.5043","0.0055"
"60.6000","1.5071","0.0055"
"60.7000","1.5099","0.0056"
"60.8000","1.5125","0.0056"
"60.9000","1.5150","0.0056"
"61.0000","1.5176","0.0057"
"61.1000","1.5203","0.0057"
"61.2000","1.5229","0.0058"
"61.3000","1.5254","0.0058"
"61.4000","1.5278","0.0059"
"61.5000","1.5301","0.0059"
"61.6000","1.5324","0.0059"
"61.7000","1.5348","0.0060"
"61.8000","1.5372","0.0060"
"61.9000","1.5398","0.0061"
"62.0000","1.5424","0.0061"
"62.1000","1.5449","0.0062"
"62.2000","1.5472","0.0062"
"62.3000","1.5495","0.0062"
"62.4000","1.5517","0.0063"
"62.5000","1.5541","0.0063"
"62.6000","1.5567","0.0064"
"62.7000","1.5596","0.0064"
"62.8000","1.5623","0.0065"
"62.9000","1.5648","0.0065"
"63.0000","1.5673","0.0066"
"63.1000","1.5700","0.0066"
"63.2000","1.5728","0.0067"
"63.3000","1.5754","0.0067"
"63.4000","1.5778","0.0068"
"63.5000","1.5801","0.0068"
"63.6000","1.5824","0.0069"
"63.7000","1.5847","0.0069"
"63.8000","1.5871","0.0070"
"63.9000","1.5898","0.0070"
"64.0000","1.5925","0.0071"
"64.1000","1.5952","0.0071"
"64.2000","1.5977","0.0072"
"64.3000","1.6000","0.0072"
"64.4000","1.6021","0.0073"
"64.5000","1.6044","0.0073"
"64.6000","1.6068","0.0073"
"64.7000","1.6094","0.0074"
"64.8000","1.6123","0.0075"
"64.9000","1.6150","0.0075"
"65.0000","1.6174","0.0076"
"65.1000","1.6199","0.0076"
"65.2000","1.6225","0.0077"
"65.3000","1.6252","0.0077"
"65.4000","1.6278","0.0078"
"65.5000","1.6303","0.0078"
"65.6000","1.6327","0.0079"
"65.7000","1.6350","0.0079"
"65.8000","1.6373","0.0080"
"65.9000","1.6397","0.0080"
"66.0000","1.6422","0.0081"
"66.1000","1.6449","0.0082"
"66.2000","1.6476","0.0082"
"66.3000","1.6501","0.0083"
"66.4000","1.6523","0.0083"
"66.5000","1.6545","0.0084"
"66.6000","1.6566","0.0084"
"66.7000","1.6590","0.0085"
"66.8000","1.6617","0.0085"
"66.9000","1.6644","0.0086"
"67.0000","1.6670","0.0087"
"67.1000","1.6696","0.0087"
"67.2000","1.6722","0.0088"
"67.3000","1.6749","0.0089"
"67.4000","1.6777","0.0089"
"67.5000","1.6802","0.0090"
"67.6000","1.6826","0.0090"
"67.7000","1.6850","0.0091"
"67.8000","1.6873","0.0092"
"67.9000","1.6897","0.0092"
"68.0000","1.6922","0.0093"
"68.1000","1.6950","0.0093"
"68.2000","1.6977","0.0094"
"68.3000","1.7004","0.0095"
"68.4000","1.7027","0.0095"
"68.5000","1.7049","0.0096"
"68.6000","1.7070","0.0096"
"68.7000","1.7093","0.0097"
"68.8000","1.7118","0.0097"
"68.9000","1.7146","0.0098"
"69.0000","1.7173","0.0099"
"69.1000","1.7198","0.0100"
"69.2000","1.7222","0.0100"
"69.3000","1.7247","0.0101"
"69.4000","1.7274","0.0102"
"69.5000","1.7301","0.0102"
"69.6000","1.7327","0.0103"
"69.7000","1.7351","0.0104"
"69.8000","1.7375","0.0104"
"69.9000","1.7398","0.0105"
"70.0000","1.7421","0.0105"
"70.1000","1.7446","0.0106"
"70.2000","1.7472","0.0107"
"70.3000","1.7500","0.0107"
"70.4000","1.7528","0.0108"
"70.5000","1.7552","0.0109"
"70.6000","1.7574","0.0109"
"70.7000","1.7594","0.0110"
"70.8000","1.7617","0.0110"
"70.9000","1.7642","0.0111"
"71.0000","1.7671","0.0112"
"71.1000","1.7699","0.0113"
"71.2000","1.7724","0.0113"
"71.3000","1.7749","0.0114"
"71.4000","1.7775","0.0115"
"71.5000","1.7802","0.0115"
"71.6000","1.7829","0.0116"
"71.7000","1.7854","0.0117"
"71.8000","1.7878","0.0117"
"71.9000","1.7902","0.0118"
"72.0000","1.7925","0.0119"
"72.1000","1.7949","0.0119"
"72.2000","1.7974","0.0120"
"72.3000","1.8000","0.0121"
"72.4000","1.8027","0.0122"
"72.5000","1.8052","0.0122"
"72.6000","1.8076","0.0123"
"72.7000","1.8098","0.0124"
"72.8000","1.8119","0.0124"
"72.9000","1.8143","0.0125"
"73.0000","1.8168","0.0125"
"73.1000","1.8195","0.0126"
"73.2000","1.8222","0.0127"
"73.3000","1.8247","0.0128"
"73.4000","1.8271","0.0128"
"73.5000","1.8297","0.0129"
"73.6000","1.8325","0.0130"
"73.7000","1.8352","0.0131"
"73.8000","1.8378","0.0131"
"73.9000","1.8402","0.0132"
"74.0000","1.8425","0.0133"
"74.1000","1.8449","0.0133"
"74.2000","1.8472","0.0134"
"74.3000","1.8498","0.0135"
"74.4000","1.8526","0.0136"
"74.5000","1.8553","0.0136"
"74.6000","1.8577","0.0137"
"74.7000","1.8599","0.0138"
"74.8000","1.8621","0.0138"
"74.9000","1.8642","0.0139"
"75.0000","1.8664","0.0140"
"75.1000","1.8690","0.0140"
"75.2000","1.8719","0.0141"
"75.3000","1.8746","0.0142"
"75.4000","1.8772","0.0143"
"75.5000","1.8798","0.0144"
"75.6000","1.8825","0.0145"
"75.7000","1.8853","0.0146"
"75.8000","1.8879","0.0146"
"75.9000","1.8903","0.0147"
"76.0000","1.8927","0.0148"
"76.1000","1.8950","0.0148"
"76.2000","1.8973","0.0149"
"76.3000","1.8997","0.0150"
"76.4000","1.9023","0.0151"
"76.5000","1.9049","0.0152"
"76.6000","1.9076","0.0152"
"76.7000","1.9101","0.0153"
"76.8000","1.9124","0.0154"
"76.9000","1.9145","0.0155"
"77.0000","1.9168","0.0155"
"77.1000","1.9192","0.0156"
"77.2000","1.9219","0.0157"
"77.3000","1.9247","0.0158"
"77.4000","1.9274","0.0159"
"77.5000","1.9299","0.0160"
"77.6000","1.9325","0.0161"
"77.7000","1.9351","0.0161"
"77.8000","1.9378","0.0162"
"77.9000","1.9404","0.0163"
"78.0000","1.9428","0.0164"
"78.1000","1.9452","0.0165"
"78.2000","1.9475","0.0165"
"78.3000","1.9498","0.0166"
"78.4000","1.9522","0.0167"
"78.5000","1.9548","0.0168"
"78.6000","1.9576","0.0169"
"78.7000","1.9603","0.0170"
"78.8000","1.9627","0.0171"
"78.9000","1.9649","0.0171"
"79.0000","1.9670","0.0172"
"79.1000","1.9691","0.0172"
"79.2000","1.9716","0.0173"
"79.3000","1.9743","0.0174"
"79.4000","1.9771","0.0175"
"79.5000","1.9797","0.0176"
"79.6000","1.9822","0.0177"
"79.7000","1.9847","0.0178"
"79.8000","1.9875","0.0179"
"79.9000","1.9902","0.0180"
"80.0000","1.9928","0.0181"
"80.1000","1.9951","0.0182"
"80.2000","1.9974","0.0182"
"80.3000","1.9997","0.0183"
"80.4000","2.0020","0.0184"
"80.5000","2.0046","0.0185"
"80.6000","2.0073","0.0186"
"80.7000","2.0101","0.0187"
"80.8000","2.0128","0.0188"
"80.9000","2.0151","0.0189"
"81.0000","2.0174","0.0190"
"81.1000","2.0196","0.0190"
"81.2000","2.0219","0.0191"
"81.3000","2.0244","0.0192"
"81.4000","2.0271","0.0193"
"81.5000","2.0298","0.0194"
"81.6000","2.0323","0.0195"
"81.7000","2.0346","0.0196"
"81.8000","2.0370","0.0197"
"81.9000","2.0396","0.0198"
"82.0000","2.0424","0.0199"
"82.1000","2.0450","0.0200"
"82.2000","2.0476","0.0201"
"82.3000","2.0500","0.0202"
"82.4000","2.0523","0.0203"
"82.5000","2.0546","0.0203"
"82.6000","2.0572","0.0205"
"82.7000","2.0599","0.0206"
"82.8000","2.0627","0.0207"
"82.9000","2.0654","0.0208"
"83.0000","2.0678","0.0209"
"83.1000","2.0699","0.0209"
"83.2000","2.0720","0.0210"
"83.3000","2.0743","0.0211"
"83.4000","2.0767","0.0212"
"83.5000","2.0795","0.0213"
"83.6000","2.0823","0.0214"
"83.7000","2.0849","0.0215"
"83.8000","2.0875","0.0216"
"83.9000","2.0901","0.0217"
"84.0000","2.0928","0.0219"
"84.1000","2.0954","0.0220"
"84.2000","2.0980","0.0221"
"84.3000","2.1004","0.0222"
"84.4000","2.1028","0.0223"
"84.5000","2.1050","0.0223"
"84.6000","2.1074","0.0224"
"84.7000","2.1098","0.0225"
"84.8000","2.1125","0.0227"
"84.9000","2.1153","0.0228"
"85.0000","2.1178","0.0229"
"85.1000","2.1200","0.0230"
"85.2000","2.1221","0.0230"
"85.3000","2.1242","0.0231"
"85.4000","2.1266","0.0232"
"85.5000","2.1291","0.0233"
"85.6000","2.1319","0.0235"
"85.7000","2.1347","0.0236"
"85.8000","2.1372","0.0237"
"85.9000","2.1397","0.0238"
"86.0000","2.1423","0.0239"
"86.1000","2.1449","0.0240"
"86.2000","2.1476","0.0241"
"86.3000","2.1502","0.0243"
"86.4000","2.1527","0.0244"
"86.5000","2.1551","0.0245"
"86.6000","2.1573","0.0246"
"86.7000","2.1597","0.0247"
"86.8000","2.1622","0.0248"
"86.9000","2.1649","0.0249"
"87.0000","2.1675","0.0250"
"87.1000","2.1700","0.0251"
"87.2000","2.1724","0.0252"
"87.3000","2.1746","0.0253"
"87.4000","2.1768","0.0254"
"87.5000","2.1791","0.0255"
"87.6000","2.1817","0.0256"
"87.7000","2.1845","0.0258"
"87.8000","2.1873","0.0259"
"87.9000","2.1898","0.0260"
"88.0000","2.1924","0.0261"
"88.1000","2.1951","0.0262"
"88.2000","2.1979","0.0264"
"88.3000","2.2004","0.0265"
"88.4000","2.2028","0.0266"
"88.5000","2.2051","0.0267"
"88.6000","2.2074","0.0268"
"88.7000","2.2097","0.0269"
"88.8000","2.2122","0.0270"
"88.9000","2.2148","0.0271"
"89.0000","2.2175","0.0273"
"89.1000","2.2202","0.0274"
"89.2000","2.2228","0.0275"
"89.3000","2.2252","0.0276"
"89.4000","2.2273","0.0277"
"89.5000","2.2295","0.0278"
"89.6000","2.2319","0.0279"
"89.7000","2.2345","0.0281"
"89.8000","2.2372","0.0282"
"89.9000","2.2398","0.0283"
"90.0000","2.2422","0.0284"
"90.1000","2.2447","0.0285"
"90.2000","2.2473","0.0287"
"90.3000","2.2501","0.0288"
"90.4000","2.2528","0.0289"
"90.5000","2.2553","0.0291"
"90.6000","2.2577","0.0292"
"90.7000","2.2600","0.0293"
"90.8000","2.2623","0.0294"
"90.9000","2.2647","0.0295"
"91.0000","2.2673","0.0296"
"91.1000","2.2700","0.0298"
"91.2000","2.2727","0.0299"
"91.3000","2.2751","0.0300"
"91.4000","2.2774","0.0301"
"91.5000","2.2795","0.0302"
"91.6000","2.2816","0.0303"
"91.7000","2.2840","0.0304"
"91.8000","2.2866","0.0306"
"91.9000","2.2893","0.0307"
"92.0000","2.2920","0.0308"
"92.1000","2.2945","0.0310"
"92.2000","2.2972","0.0311"
"92.3000","2.2999","0.0312"
"92.4000","2.3026","0.0314"
"92.5000","2.3053","0.0315"
"92.6000","2.3077","0.0316"
"92.7000","2.3101","0.0317"
"92.8000","2.3124","0.0319"
"92.9000","2.3148","0.0320"
"93.0000","2.3172","0.0321"
"93.1000","2.3199","0.0322"
"93.2000","2.3227","0.0324"
"93.3000","2.3253","0.0325"
"93.4000","2.3277","0.0326"
"93.5000","2.3299","0.0327"
"93.6000","2.3320","0.0328"
"93.7000","2.3342","0.0330"
"93.8000","2.3367","0.0331"
"93.9000","2.3394","0.0332"
"94.0000","2.3422","0.0334"
"94.1000","2.3448","0.0335"
"94.2000","2.3473","0.0336"
"94.3000","2.3499","0.0338"
"94.4000","2.3526","0.0339"
"94.5000","2.3553","0.0341"
"94.6000","2.3579","0.0342"
"94.7000","2.3603","0.0343"
"94.8000","2.3625","0.0344"
"94.9000","2.3649","0.0346"
"95.0000","2.3672","0.0347"
"95.1000","2.3696","0.0348"
"95.2000","2.3722","0.0349"
"95.3000","2.3749","0.0351"
"95.4000","2.3775","0.0352"
"95.5000","2.3799","0.0354"
"95.6000","2.3822","0.0355"
"95.7000","2.3843","0.0356"
"95.8000","2.3866","0.0357"
"95.9000","2.3891","0.0358"
"96.0000","2.3920","0.0360"
"96.1000","2.3947","0.0361"
"96.2000","2.3973","0.0363"
"96.3000","2.3999","0.0364"
"96.4000","2.4026","0.0366"
"96.5000","2.4053","0.0367"
"96.6000","2.4080","0.0369"
"96.7000","2.4105","0.0370"
"96.8000","2.4129","0.0371"
"96.9000","2.4151","0.0372"
"97.0000","2.4174","0.0374"
"97.1000","2.4198","0.0375"
"97.2000","2.4223","0.0376"
"97.3000","2.4250","0.0378"
"97.4000","2.4277","0.0379"
"97.5000","2.4304","0.0381"
"97.6000","2.4327","0.0382"
"97.7000","2.4348","0.0383"
"97.8000","2.4370","0.0384"
"97.9000","2.4393","0.0385"
"98.0000","2.4419","0.0387"
"98.1000","2.4446","0.0389"
"98.2000","2.4473","0.0390"
"98.3000","2.4498","0.0391"
"98.4000","2.4522","0.0393"
"98.5000","2.4548","0.0394"
"98.6000","2.4575","0.0396"
"98.7000","2.4602","0.0397"
"98.8000","2.4627","0.0399"
"98.9000","2.4651","0.0400"
"99.0000","2.4674","0.0401"
"99.1000","2.4698","0.0403"
"99.2000","2.4722","0.0404"
"99.3000","2.4747","0.0405"
"99.4000","2.4774","0.0407"
"99.5000","2.4801","0.0409"
"99.6000","2.4826","0.0410"
"99.7000","2.4849","0.0411"
"99.8000","2.4871","0.0412"
"99.9000","2.4893","0.0414"
"100.0000","2.4916","0.0415"
"100.1000","2.4941","0.0416"
"100.2000","2.4968","0.0418"
"100.3000","2.4995","0.0419"
"100.4000","2.5021","0.0421"
"100.5000","2.5046","0.0422"
"100.6000","2.5074","0.0424"
"100.7000","2.5102","0.0426"
"100.8000","2.5128","0.0427"
"100.9000","2.5153","0.0429"
"101.0000","2.5177","0.0430"
"101.1000","2.5200","0.0431"
"101.2000","2.5224","0.0433"
"101.3000","2.5248","0.0434"
"101.4000","2.5275","0.0436"
"101.5000","2.5302","0.0437"
"101.6000","2.5329","0.0439"
"101.7000","2.5354","0.0440"
"101.8000","2.5375","0.0441"
"101.9000","2.5396","0.0443"
"102.0000","2.5418","0.0444"
"102.1000","2.5442","0.0445"
"102.2000","2.5469","0.0447"
"102.3000","2.5496","0.0449"
"102.4000","2.5523","0.0450"
"102.5000","2.5548","0.0452"
"102.6000","2.5573","0.0453"
"102.7000","2.5599","0.0455"
"102.8000","2.5626","0.0456"
"102.9000","2.5652","0.0458"
"103.0000","2.5677","0.0459"
"103.1000","2.5701","0.0461"
"103.2000","2.5724","0.0462"
"103.3000","2.5747","0.0463"
"103.4000","2.5771","0.0465"
"103.5000","2.5797","0.0466"
"103.6000","2.5823","0.0468"
"103.7000","2.5850","0.0469"
"103.8000","2.5876","0.0471"
"103.9000","2.5899","0.0472"
"104.0000","2.5921","0.0474"
"104.1000","2.5943","0.0475"
"104.2000","2.5967","0.0476"
"104.3000","2.5994","0.0478"
"104.4000","2.6023","0.0480"
"104.5000","2.6049","0.0482"
"104.6000","2.6073","0.0483"
"104.7000","2.6099","0.0485"
"104.8000","2.6125","0.0486"
"104.9000","2.6153","0.0488"
"105.0000","2.6177","0.0489"
"105.1000","2.6201","0.0491"
"105.2000","2.6225","0.0492"
"105.3000","2.6248","0.0494"
"105.4000","2.6271","0.0495"
"105.5000","2.6297","0.0497"
"105.6000","2.6324","0.0498"
"105.7000","2.6352","0.0500"
"105.8000","2.6378","0.0502"
"105.9000","2.6402","0.0503"
"106.0000","2.6424","0.0505"
"106.1000","2.6445","0.0506"
"106.2000","2.6467","0.0507"
"106.3000","2.6492","0.0509"
"106.4000","2.6519","0.0510"
"106.5000","2.6546","0.0512"
"106.6000","2.6572","0.0514"
"106.7000","2.6596","0.0515"
"106.8000","2.6621","0.0517"
"106.9000","2.6647","0.0519"
"107.0000","2.6674","0.0520"
"107.1000","2.6701","0.0522"
"107.2000","2.6726","0.0523"
"107.3000","2.6750","0.0525"
"107.4000","2.6773","0.0526"
"107.5000","2.6797","0.0528"
"107.6000","2.6822","0.0530"
"107.7000","2.6848","0.0531"
"107.8000","2.6876","0.0533"
"107.9000","2.6902","0.0535"
"108.0000","2.6926","0.0536"
"108.1000","2.6948","0.0537"
"108.2000","2.6970","0.0539"
"108.3000","2.6993","0.0540"
"108.4000","2.7019","0.0542"
"108.5000","2.7046","0.0543"
"108.6000","2.7073","0.0545"
"108.7000","2.7099","0.0547"
"108.8000","2.7124","0.0548"
"108.9000","2.7150","0.0550"
"109.0000","2.7178","0.0552"
"109.1000","2.7205","0.0554"
"109.2000","2.7230","0.0555"
"109.3000","2.7253","0.0557"
"109.4000","2.7276","0.0558"
"109.5000","2.7299","0.0559"
"109.6000","2.7322","0.0561"
"109.7000","2.7348","0.0563"
"109.8000","2.7376","0.0564"
"109.9000","2.7403","0.0566"
"110.0000","2.7429","0.0568"
"110.1000","2.7452","0.0569"
"110.2000","2.7473","0.0571"
"110.3000","2.7494","0.0572"
"110.4000","2.7517","0.0573"
"110.5000","2.7542","0.0575"
"110.6000","2.7569","0.0577"
"110.7000","2.7596","0.0579"
"110.8000","2.7621","0.0580"
"110.9000","2.7646","0.0582"
"111.0000","2.7671","0.0583"
"111.1000","2.7698","0.0585"
"111.2000","2.7724","0.0587"
"111.3000","2.7750","0.0589"
"111.4000","2.7775","0.0590"
"111.5000","2.7799","0.0592"
"111.6000","2.7823","0.0593"
"111.7000","2.7847","0.0594"
"111.8000","2.7872","0.0596"
"111.9000","2.7898","0.0598"
"112.0000","2.7926","0.0600"
"112.1000","2.7952","0.0602"
"112.2000","2.7975","0.0603"
"112.3000","2.7997","0.0604"
"112.4000","2.8020","0.0606"
"112.5000","2.8043","0.0607"
"112.6000","2.8070","0.0609"
"112.7000","2.8098","0.0611"
"112.8000","2.8124","0.0613"
"112.9000","2.8149","0.0614"
"113.0000","2.8174","0.0616"
"113.1000","2.8200","0.0618"
"113.2000","2.8228","0.0620"
"113.3000","2.8253","0.0621"
"113.4000","2.8277","0.0623"
"113.5000","2.8301","0.0624"
"113.6000","2.8323","0.0626"
"113.7000","2.8346","0.0627"
"113.8000","2.8371","0.0629"
"113.9000","2.8399","0.0631"
"114.0000","2.8427","0.0633"
"114.1000","2.8454","0.0635"
"114.2000","2.8479","0.0636"
"114.3000","2.8501","0.0637"
"114.4000","2.8522","0.0639"
"114.5000","2.8544","0.0640"
"114.6000","2.8567","0.0642"
"114.7000","2.8593","0.0643"
"114.8000","2.8621","0.0645"
"114.9000","2.8648","0.0647"
"115.0000","2.8672","0.0649"
"115.1000","2.8696","0.0650"
"115.2000","2.8722","0.0652"
"115.3000","2.8749","0.0654"
"115.4000","2.8775","0.0656"
"115.5000","2.8800","0.0657"
"115.6000","2.8825","0.0659"
"115.7000","2.8849","0.0661"
"115.8000","2.8872","0.0662"
"115.9000","2.8896","0.0664"
"116.0000","2.8923","0.0665"
"116.1000","2.8951","0.0667"
"116.2000","2.8978","0.0669"
"116.3000","2.9002","0.0671"
"116.4000","2.9024","0.0672"
"116.5000","2.9046","0.0673"
"116.6000","2.9068","0.0675"
"116.7000","2.9092","0.0676"
"116.8000","2.9118","0.0678"
"116.9000","2.9146","0.0680"
"117.0000","2.9173","0.0682"
"117.1000","2.9198","0.0684"
"117.2000","2.9223","0.0685"
"117.3000","2.9250","0.0687"
"117.4000","2.9276","0.0689"
"117.5000","2.9302","0.0691"
"117.6000","2.9327","0.0693"
"117.7000","2.9350","0.0694"
"117.8000","2.9373","0.0695"
"117.9000","2.9396","0.0697"
"118.0000","2.9421","0.0699"
"118.1000","2.9448","0.0701"
"118.2000","2.9475","0.0702"
"118.3000","2.9502","0.0704"
"118.4000","2.9525","0.0706"
"118.5000","2.9547","0.0707"
"118.6000","2.9569","0.0709"
"118.7000","2.9592","0.0710"
"118.8000","2.9617","0.0712"
"118.9000","2.9645","0.0714"
"119.0000","2.9673","0.0716"
"119.1000","2.9698","0.0718"
"119.2000","2.9722","0.0719"
"119.3000","2.9747","0.0721"
"119.4000","2.9773","0.0723"
"119.5000","2.9801","0.0725"
"119.6000","2.9827","0.0727"
"119.7000","2.9852","0.0728"
"119.8000","2.9875","0.0730"
"119.9000","2.9898","0.0731"
"120.0000","2.9921","0.0733"
"120.1000","2.9946","0.0734"
"120.2000","2.9973","0.0736"
"120.3000","3.0001","0.0739"
"120.4000","3.0029","0.0740"
"120.5000","3.0052","0.0742"
"120.6000","3.0073","0.0743"
"120.7000","3.0095","0.0745"
"120.8000","3.0117","0.0746"
"120.9000","3.0142","0.0748"
"121.0000","3.0170","0.0750"
"121.1000","3.0198","0.0752"
"121.2000","3.0224","0.0754"
"121.3000","3.0251","0.0756"
"121.4000","3.0278","0.0758"
"121.5000","3.0304","0.0760"
"121.6000","3.0330","0.0761"
"121.7000","3.0355","0.0763"
"121.8000","3.0379","0.0765"
"121.9000","3.0402","0.0766"
"122.0000","3.0424","0.0768"
"122.1000","3.0448","0.0769"
"122.2000","3.0474","0.0771"
"122.3000","3.0501","0.0773"
"122.4000","3.0528","0.0775"
"122.5000","3.0553","0.0777"
"122.6000","3.0576","0.0778"
"122.7000","3.0598","0.0780"
"122.8000","3.0619","0.0781"
"122.9000","3.0642","0.0783"
"123.0000","3.0667","0.0785"
"123.1000","3.0695","0.0787"
"123.2000","3.0722","0.0789"
"123.3000","3.0747","0.0790"
"123.4000","3.0770","0.0792"
"123.5000","3.0796","0.0794"
"123.6000","3.0822","0.0796"
"123.7000","3.0850","0.0798"
"123.8000","3.0877","0.0800"
"123.9000","3.0902","0.0801"
"124.0000","3.0925","0.0803"
"124.1000","3.0947","0.0804"
"124.2000","3.0970","0.0806"
"124.3000","3.0996","0.0808"
"124.4000","3.1023","0.0810"
"124.5000","3.1050","0.0812"
"124.6000","3.1076","0.0813"
"124.7000","3.1099","0.0815"
"124.8000","3.1122","0.0816"
"124.9000","3.1144","0.0818"
"125.0000","3.1167","0.0819"
"125.1000","3.1192","0.0821"
"125.2000","3.1221","0.0824"
"125.3000","3.1249","0.0826"
"125.4000","3.1274","0.0827"
"125.5000","3.1299","0.0829"
"125.6000","3.1325","0.0831"
"125.7000","3.1352","0.0833"
"125.8000","3.1378","0.0835"
"125.9000","3.1402","0.0836"
"126.0000","3.1426","0.0838"
"126.1000","3.1449","0.0839"
"126.2000","3.1473","0.0841"
"126.3000","3.1497","0.0843"
"126.4000","3.1523","0.0845"
"126.5000","3.1550","0.0847"
"126.6000","3.1577","0.0849"
"126.7000","3.1602","0.0850"
"126.8000","3.1625","0.0852"
"126.9000","3.1646","0.0853"
"127.0000","3.1668","0.0855"
"127.1000","3.1691","0.0856"
"127.2000","3.1717","0.0858"
"127.3000","3.1747","0.0861"
"127.4000","3.1774","0.0863"
"127.5000","3.1799","0.0865"
"127.6000","3.1824","0.0866"
"127.7000","3.1850","0.0868"
"127.8000","3.1877","0.0870"
"127.9000","3.1904","0.0872"
"128.0000","3.1929","0.0874"
"128.1000","3.1953","0.0876"
"128.2000","3.1976","0.0877"
"128.3000","3.1998","0.0879"
"128.4000","3.2021","0.0880"
"128.5000","3.2047","0.0882"
"128.6000","3.2074","0.0885"
"128.7000","3.2101","0.0887"
"128.8000","3.2126","0.0888"
"128.9000","3.2149","0.0890"
"129.0000","3.2170","0.0891"
"129.1000","3.2192","0.0893"
"129.2000","3.2217","0.0895"
"129.3000","3.2245","0.0897"
"129.4000","3.2273","0.0899"
"129.5000","3.2299","0.0901"
"129.6000","3.2323","0.0902"
"129.7000","3.2348","0.0904"
"129.8000","3.2375","0.0906"
"129.9000","3.2401","0.0908"
"130.0000","3.2427","0.0910"
"130.1000","3.2451","0.0912"
"130.2000","3.2475","0.0913"
"130.3000","3.2498","0.0915"
"130.4000","3.2522","0.0917"
"130.5000","3.2547","0.0918"
"130.6000","3.2573","0.0921"
"130.7000","3.2600","0.0923"
"130.8000","3.2627","0.0925"
"130.9000","3.2651","0.0926"
"131.0000","3.2673","0.0928"
"131.1000","3.2695","0.0929"
"131.2000","3.2717","0.0931"
"131.3000","3.2742","0.0932"
"131.4000","3.2769","0.0935"
"131.5000","3.2797","0.0937"
"131.6000","3.2822","0.0939"
"131.7000","3.2846","0.0940"
"131.8000","3.2871","0.0942"
"131.9000","3.2898","0.0944"
"132.0000","3.2925","0.0946"
"132.1000","3.2951","0.0948"
"132.2000","3.2976","0.0950"
"132.3000","3.3000","0.0952"
"132.4000","3.3023","0.0953"
"132.5000","3.3048","0.0955"
"132.6000","3.3073","0.0957"
"132.7000","3.3101","0.0959"
"132.8000","3.3128","0.0961"
"132.9000","3.3155","0.0963"
"133.0000","3.3178","0.0965"
"133.1000","3.3200","0.0966"
"133.2000","3.3221","0.0968"
"133.3000","3.3243","0.0969"
"133.4000","3.3268","0.0971"
"133.5000","3.3295","0.0973"
"133.6000","3.3323","0.0975"
"133.7000","3.3349","0.0977"
"133.8000","3.3374","0.0979"
"133.9000","3.3399","0.0981"
"134.0000","3.3426","0.0983"
"134.1000","3.3453","0.0985"
"134.2000","3.3478","0.0987"
"134.3000","3.3502","0.0989"
"134.4000","3.3526","0.0990"
"134.5000","3.3549","0.0992"
"134.6000","3.3573","0.0994"
"134.7000","3.3599","0.0996"
"134.8000","3.3626","0.0998"
"134.9000","3.3654","0.1000"
"135.0000","3.3679","0.1002"
"135.1000","3.3701","0.1003"
"135.2000","3.3722","0.1004"
"135.3000","3.3743","0.1006"
"135.4000","3.3766","0.1007"
"135.5000","3.3792","0.1009"
"135.6000","3.3820","0.1012"
"135.7000","3.3848","0.1014"
"135.8000","3.3873","0.1016"
"135.9000","3.3898","0.1018"
"136.0000","3.3924","0.1019"
"136.1000","3.3951","0.1022"
"136.2000","3.3978","0.1024"
"136.3000","3.4003","0.1025"
"136.4000","3.4027","0.1027"
"136.5000","3.4050","0.1029"
"136.6000","3.4073","0.1030"
"136.7000","3.4096","0.1032"
"136.8000","3.4120","0.1034"
"136.9000","3.4147","0.1036"
"137.0000","3.4174","0.1038"
"137.1000","3.4200","0.1040"
"137.2000","3.4224","0.1041"
"137.3000","3.4246","0.1043"
"137.4000","3.4268","0.1044"
"137.5000","3.4292","0.1046"
"137.6000","3.4318","0.1048"
"137.7000","3.4347","0.1051"
"137.8000","3.4375","0.1053"
"137.9000","3.4400","0.1055"
"138.0000","3.4425","0.1057"
"138.1000","3.4451","0.1058"
"138.2000","3.4478","0.1061"
"138.3000","3.4503","0.1062"
"138.4000","3.4526","0.1064"
"138.5000","3.4549","0.1065"
"138.6000","3.4572","0.1067"
"138.7000","3.4596","0.1069"
"138.8000","3.4621","0.1071"
"138.9000","3.4647","0.1073"
"139.0000","3.4674","0.1075"
"139.1000","3.4702","0.1077"
"139.2000","3.4727","0.1079"
"139.3000","3.4751","0.1080"
"139.4000","3.4772","0.1082"
"139.5000","3.4793","0.1083"
"139.6000","3.4817","0.1085"
"139.7000","3.4845","0.1087"
"139.8000","3.4874","0.1090"
"139.9000","3.4900","0.1092"
"140.0000","3.4923","0.1093"
"140.1000","3.4947","0.1095"
"140.2000","3.4973","0.1097"
"140.3000","3.5001","0.1099"
"140.4000","3.5027","0.1101"
"140.5000","3.5052","0.1103"
"140.6000","3.5077","0.1105"
"140.7000","3.5100","0.1107"
"140.8000","3.5123","0.1108"
"140.9000","3.5148","0.1110"
"141.0000","3.5174","0.1112"
"141.1000","3.5203","0.1114"
"141.2000","3.5229","0.1116"
"141.3000","3.5253","0.1118"
"141.4000","3.5275","0.1119"
"141.5000","3.5296","0.1121"
"141.6000","3.5318","0.1122"
"141.7000","3.5341","0.1124"
"141.8000","3.5368","0.1126"
"141.9000","3.5396","0.1128"
"142.0000","3.5422","0.1130"
"142.1000","3.5447","0.1132"
"142.2000","3.5472","0.1134"
"142.3000","3.5499","0.1136"
"142.4000","3.5526","0.1138"
"142.5000","3.5552","0.1140"
"142.6000","3.5576","0.1142"
"142.7000","3.5600","0.1144"
"142.8000","3.5623","0.1145"
"142.9000","3.5647","0.1147"
"143.0000","3.5671","0.1149"
"143.1000","3.5699","0.1151"
"143.2000","3.5726","0.1153"
"143.3000","3.5752","0.1155"
"143.4000","3.5776","0.1157"
"143.5000","3.5797","0.1158"
"143.6000","3.5818","0.1159"
"143.7000","3.5841","0.1161"
"143.8000","3.5865","0.1163"
"143.9000","3.5893","0.1165"
"144.0000","3.5921","0.1168"
"144.1000","3.5948","0.1170"
"144.2000","3.5972","0.1171"
"144.3000","3.5998","0.1173"
"144.4000","3.6025","0.1176"
"144.5000","3.6052","0.1178"
"144.6000","3.6078","0.1180"
"144.7000","3.6103","0.1181"
"144.8000","3.6126","0.1183"
"144.9000","3.6149","0.1185"
"145.0000","3.6173","0.1186"
"145.1000","3.6198","0.1188"
"145.2000","3.6224","0.1190"
"145.3000","3.6252","0.1193"
"145.4000","3.6278","0.1195"
"145.5000","3.6302","0.1196"
"145.6000","3.6324","0.1198"
"145.7000","3.6346","0.1199"
"145.8000","3.6368","0.1201"
"145.9000","3.6393","0.1203"
"146.0000","3.6421","0.1205"
"146.1000","3.6448","0.1207"
"146.2000","3.6473","0.1209"
"146.3000","3.6498","0.1211"
"146.4000","3.6524","0.1213"
"146.5000","3.6552","0.1215"
"146.6000","3.6578","0.1217"
"146.7000","3.6603","0.1219"
"146.8000","3.6626","0.1221"
"146.9000","3.6649","0.1222"
"147.0000","3.6672","0.1224"
"147.1000","3.6695","0.1225"
"147.2000","3.6721","0.1227"
"147.3000","3.6749","0.1230"
"147.4000","3.6778","0.1232"
"147.5000","3.6804","0.1234"
"147.6000","3.6828","0.1236"
"147.7000","3.6849","0.1237"
"147.8000","3.6870","0.1238"
"147.9000","3.6893","0.1240"
"148.0000","3.6918","0.1242"
"148.1000","3.6947","0.1244"
"148.2000","3.6974","0.1246"
"148.3000","3.6998","0.1248"
"148.4000","3.7021","0.1250"
"148.5000","3.7047","0.1252"
"148.6000","3.7073","0.1254"
"148.7000","3.7100","0.1256"
"148.8000","3.7127","0.1258"
"148.9000","3.7151","0.1260"
"149.0000","3.7175","0.1262"
"149.1000","3.7198","0.1263"
"149.2000","3.7222","0.1265"
"149.3000","3.7248","0.1267"
"149.4000","3.7275","0.1269"
"149.5000","3.7303","0.1271"
"149.6000","3.7328","0.1273"
"149.7000","3.7351","0.1275"
"149.8000","3.7372","0.1276"
"149.9000","3.7393","0.1277"
"150.0000","3.7416","0.1279"
"150.1000","3.7442","0.1281"
"150.2000","3.7470","0.1283"
"150.3000","3.7497","0.1286"
"150.4000","3.7522","0.1287"
"150.5000","3.7547","0.1289"
"150.6000","3.7574","0.1291"
"150.7000","3.7602","0.1294"
"150.8000","3.7628","0.1296"
"150.9000","3.7653","0.1297"
"151.0000","3.7676","0.1299"
"151.1000","3.7698","0.1300"
"151.2000","3.7722","0.1302"
"151.3000","3.7747","0.1304"
"151.4000","3.7774","0.1306"
"151.5000","3.7801","0.1308"
"151.6000","3.7827","0.1310"
"151.7000","3.7851","0.1312"
"151.8000","3.7874","0.1314"
"151.9000","3.7895","0.1315"
"152.0000","3.7917","0.1317"
"152.1000","3.7941","0.1318"
"152.2000","3.7967","0.1320"
"152.3000","3.7995","0.1323"
"152.4000","3.8023","0.1325"
"152.5000","3.8049","0.1327"
"152.6000","3.8074","0.1329"
"152.7000","3.8101","0.1331"
"152.8000","3.8128","0.1333"
"152.9000","3.8154","0.1335"
"153.0000","3.8179","0.1337"
"153.1000","3.8203","0.1338"
"153.2000","3.8226","0.1340"
"153.3000","3.8248","0.1341"
"153.4000","3.8271","0.1343"
"153.5000","3.8297","0.1345"
"153.6000","3.8324","0.1347"
"153.7000","3.8351","0.1350"
"153.8000","3.8377","0.1351"
"153.9000","3.8399","0.1353"
"154.0000","3.8421","0.1354"
"154.1000","3.8443","0.1356"
"154.2000","3.8467","0.1358"
"154.3000","3.8494","0.1360"
"154.4000","3.8521","0.1362"
"154.5000","3.8547","0.1364"
"154.6000","3.8572","0.1366"
"154.7000","3.8598","0.1368"
"154.8000","3.8625","0.1370"
"154.9000","3.8651","0.1372"
"155.0000","3.8676","0.1374"
"155.1000","3.8700","0.1376"
"155.2000","3.8724","0.1377"
"155.3000","3.8747","0.1379"
"155.4000","3.8771","0.1381"
"155.5000","3.8796","0.1383"
"155.6000","3.8823","0.1385"
"155.7000","3.8852","0.1387"
"155.8000","3.8879","0.1389"
"155.9000","3.8903","0.1391"
"156.0000","3.8925","0.1393"
"156.1000","3.8945","0.1394"
"156.2000","3.8968","0.1395"
"156.3000","3.8992","0.1397"
"156.4000","3.9019","0.1399"
"156.5000","3.9047","0.1402"
"156.6000","3.9072","0.1404"
"156.7000","3.9097","0.1405"
"156.8000","3.9122","0.1407"
"156.9000","3.9149","0.1410"
"157.0000","3.9177","0.1412"
"157.1000","3.9203","0.1414"
"157.2000","3.9229","0.1416"
"157.3000","3.9252","0.1417"
"157.4000","3.9275","0.1419"
"157.5000","3.9298","0.1421"
"157.6000","3.9322","0.1422"
"157.7000","3.9348","0.1425"
"157.8000","3.9375","0.1427"
"157.9000","3.9401","0.1429"
"158.0000","3.9424","0.1430"
"158.1000","3.9446","0.1432"
"158.2000","3.9468","0.1433"
"158.3000","3.9491","0.1435"
"158.4000","3.9515","0.1436"
"158.5000","3.9543","0.1439"
"158.6000","3.9571","0.1441"
"158.7000","3.9597","0.1443"
"158.8000","3.9623","0.1445"
"158.9000","3.9649","0.1447"
"159.0000","3.9676","0.1449"
"159.1000","3.9703","0.1451"
"159.2000","3.9729","0.1453"
"159.3000","3.9753","0.1455"
"159.4000","3.9776","0.1456"
"159.5000","3.9799","0.1458"
"159.6000","3.9823","0.1460"
"159.7000","3.9849","0.1462"
"159.8000","3.9876","0.1464"
"159.9000","3.9903","0.1466"
"160.0000","3.9928","0.1468"
"160.1000","3.9951","0.1470"
"160.2000","3.9972","0.1471"
"160.3000","3.9993","0.1472"
"160.4000","4.0016","0.1474"
"160.5000","4.0042","0.1476"
"160.6000","4.0071","0.1479"
"160.7000","4.0100","0.1481"
"160.8000","4.0125","0.1483"
"160.9000","4.0149","0.1485"
"161.0000","4.0174","0.1487"
"161.1000","4.0200","0.1489"
"161.2000","4.0227","0.1491"
"161.3000","4.0252","0.1493"
"161.4000","4.0277","0.1495"
"161.5000","4.0300","0.1496"
"161.6000","4.0323","0.1498"
"161.7000","4.0346","0.1499"
"161.8000","4.0371","0.1501"
"161.9000","4.0398","0.1503"
"162.0000","4.0426","0.1506"
"162.1000","4.0451","0.1508"
"162.2000","4.0474","0.1509"
"162.3000","4.0496","0.1511"
"162.4000","4.0518","0.1512"
"162.5000","4.0541","0.1514"
"162.6000","4.0567","0.1516"
"162.7000","4.0596","0.1518"
"162.8000","4.0623","0.1520"
"162.9000","4.0648","0.1522"
"163.0000","4.0674","0.1524"
"163.1000","4.0700","0.1526"
"163.2000","4.0727","0.1529"
"163.3000","4.0753","0.1530"
"163.4000","4.0777","0.1532"
"163.5000","4.0801","0.1534"
"163.6000","4.0823","0.1535"
"163.7000","4.0847","0.1537"
"163.8000","4.0872","0.1539"
"163.9000","4.0898","0.1541"
"164.0000","4.0926","0.1543"
"164.1000","4.0954","0.1546"
"164.2000","4.0979","0.1548"
"164.3000","4.1001","0.1549"
"164.4000","4.1022","0.1550"
"164.5000","4.1044","0.1552"
"164.6000","4.1067","0.1553"
"164.7000","4.1094","0.1556"
"164.8000","4.1122","0.1558"
"164.9000","4.1148","0.1560"
"165.0000","4.1172","0.1562"
"165.1000","4.1197","0.1564"
"165.2000","4.1223","0.1566"
"165.3000","4.1251","0.1568"
"165.4000","4.1278","0.1570"
"165.5000","4.1303","0.1572"
"165.6000","4.1327","0.1574"
"165.7000","4.1350","0.1575"
"165.8000","4.1373","0.1577"
"165.9000","4.1397","0.1578"
"166.0000","4.1423","0.1581"
"166.1000","4.1451","0.1583"
"166.2000","4.1477","0.1585"
"166.3000","4.1502","0.1587"
"166.4000","4.1524","0.1588"
"166.5000","4.1545","0.1589"
"166.6000","4.1567","0.1591"
"166.7000","4.1590","0.1592"
"166.8000","4.1616","0.1594"
"166.9000","4.1645","0.1597"
"167.0000","4.1671","0.1599"
"167.1000","4.1696","0.1601"
"167.2000","4.1722","0.1603"
"167.3000","4.1748","0.1605"
"167.4000","4.1775","0.1607"
"167.5000","4.1802","0.1609"
"167.6000","4.1827","0.1611"
"167.7000","4.1851","0.1612"
"167.8000","4.1873","0.1614"
"167.9000","4.1897","0.1616"
"168.0000","4.1922","0.1618"
"168.1000","4.1949","0.1620"
"168.2000","4.1977","0.1622"
"168.3000","4.2003","0.1624"
"168.4000","4.2027","0.1626"
"168.5000","4.2048","0.1627"
"168.6000","4.2070","0.1628"
"168.7000","4.2092","0.1630"
"168.8000","4.2117","0.1632"
"168.9000","4.2144","0.1634"
"169.0000","4.2172","0.1636"
"169.1000","4.2198","0.1638"
"169.2000","4.2223","0.1640"
"169.3000","4.2248","0.1642"
"169.4000","4.2275","0.1644"
"169.5000","4.2302","0.1647"
"169.6000","4.2328","0.1648"
"169.7000","4.2353","0.1650"
"169.8000","4.2377","0.1652"
"169.9000","4.2400","0.1654"
"170.0000","4.2423","0.1655"
"170.1000","4.2447","0.1657"
"170.2000","4.2473","0.1659"
"170.3000","4.2500","0.1661"
"170.4000","4.2526","0.1663"
"170.5000","4.2550","0.1665"
"170.6000","4.2571","0.1666"
"170.7000","4.2593","0.1668"
"170.8000","4.2616","0.1669"
"170.9000","4.2641","0.1671"
"171.0000","4.2669","0.1673"
"171.1000","4.2697","0.1676"
"171.2000","4.2723","0.1678"
"171.3000","4.2750","0.1680"
"171.4000","4.2778","0.1682"
"171.5000","4.2805","0.1684"
"171.6000","4.2830","0.1686"
"171.7000","4.2854","0.1688"
"171.8000","4.2878","0.1690"
"171.9000","4.2900","0.1691"
"172.0000","4.2923","0.1693"
"172.1000","4.2947","0.1694"
"172.2000","4.2973","0.1696"
"172.3000","4.3000","0.1699"
"172.4000","4.3028","0.1701"
"172.5000","4.3054","0.1703"
"172.6000","4.3077","0.1704"
"172.7000","4.3098","0.1706"
"172.8000","4.3120","0.1707"
"172.9000","4.3143","0.1709"
"173.0000","4.3168","0.1710"
"173.1000","4.3195","0.1713"
"173.2000","4.3222","0.1715"
"173.3000","4.3247","0.1717"
"173.4000","4.3271","0.1718"
"173.5000","4.3297","0.1720"
"173.6000","4.3323","0.1722"
"173.7000","4.3351","0.1725"
"173.8000","4.3377","0.1727"
"173.9000","4.3403","0.1728"
"174.0000","4.3426","0.1730"
"174.1000","4.3450","0.1732"
"174.2000","4.3474","0.1733"
"174.3000","4.3500","0.1735"
"174.4000","4.3527","0.1738"
"174.5000","4.3553","0.1740"
"174.6000","4.3577","0.1741"
"174.7000","4.3600","0.1743"
"174.8000","4.3622","0.1744"
"174.9000","4.3644","0.1745"
"175.0000","4.3666","0.1747"
"175.1000","4.3691","0.1749"
"175.2000","4.3719","0.1751"
"175.3000","4.3746","0.1753"
"175.4000","4.3770","0.1755"
"175.5000","4.3795","0.1757"
"175.6000","4.3821","0.1759"
"175.7000","4.3849","0.1761"
"175.8000","4.3876","0.1763"
"175.9000","4.3901","0.1765"
"176.0000","4.3926","0.1767"
"176.1000","4.3949","0.1768"
"176.2000","4.3973","0.1770"
"176.3000","4.3997","0.1772"
"176.4000","4.4025","0.1774"
"176.5000","4.4053","0.1776"
"176.6000","4.4080","0.1778"
"176.7000","4.4105","0.1780"
"176.8000","4.4126","0.1781"
"176.9000","4.4147","0.1782"
"177.0000","4.4169","0.1784"
"177.1000","4.4192","0.1786"
"177.2000","4.4219","0.1788"
"177.3000","4.4247","0.1790"
"177.4000","4.4273","0.1792"
"177.5000","4.4298","0.1794"
"177.6000","4.4322","0.1795"
"177.7000","4.4349","0.1798"
"177.8000","4.4376","0.1800"
"177.9000","4.4404","0.1802"
"178.0000","4.4429","0.1804"
"178.1000","4.4453","0.1806"
"178.2000","4.4476","0.1807"
"178.3000","4.4498","0.1808"
"178.4000","4.4522","0.1810"
"178.5000","4.4548","0.1812"
"178.6000","4.4575","0.1814"
"178.7000","4.4602","0.1816"
"178.8000","4.4627","0.1818"
"178.9000","4.4649","0.1820"
"179.0000","4.4670","0.1821"
"179.1000","4.4692","0.1822"
"179.2000","4.4716","0.1824"
"179.3000","4.4742","0.1826"
"179.4000","4.4769","0.1828"
"179.5000","4.4796","0.1830"
"179.6000","4.4821","0.1832"
"179.7000","4.4848","0.1834"
"179.8000","4.4875","0.1836"
"179.9000","4.4902","0.1838"
"180.0000","4.4927","0.1840"
"180.1000","4.4950","0.1842"
"180.2000","4.4974","0.1843"
"180.3000","4.4998","0.1845"
"180.4000","4.5023","0.1847"
"180.5000","4.5048","0.1848"
"180.6000","4.5075","0.1851"
"180.7000","4.5102","0.1853"
"180.8000","4.5128","0.1855"
"180.9000","4.5152","0.1856"
"181.0000","4.5174","0.1858"
"181.1000","4.5195","0.1859"
"181.2000","4.5218","0.1860"
"181.3000","4.5243","0.1862"
"181.4000","4.5271","0.1864"
"181.5000","4.5298","0.1867"
"181.6000","4.5323","0.1868"
"181.7000","4.5347","0.1870"
"181.8000","4.5372","0.1872"
"181.9000","4.5398","0.1874"
"182.0000","4.5426","0.1876"
"182.1000","4.5451","0.1878"
"182.2000","4.5477","0.1880"
"182.3000","4.5501","0.1882"
"182.4000","4.5524","0.1883"
"182.5000","4.5547","0.1885"
"182.6000","4.5572","0.1886"
"182.7000","4.5599","0.1889"
"182.8000","4.5626","0.1891"
"182.9000","4.5653","0.1893"
"183.0000","4.5677","0.1894"
"183.1000","4.5698","0.1896"
"183.2000","4.5720","0.1897"
"183.3000","4.5742","0.1898"
"183.4000","4.5767","0.1900"
"183.5000","4.5794","0.1902"
"183.6000","4.5822","0.1905"
"183.7000","4.5848","0.1907"
"183.8000","4.5874","0.1909"
"183.9000","4.5901","0.1911"
"184.0000","4.5928","0.1913"
"184.1000","4.5955","0.1915"
"184.2000","4.5980","0.1917"
"184.3000","4.6004","0.1918"
"184.4000","4.6027","0.1920"
"184.5000","4.6050","0.1921"
"184.6000","4.6075","0.1923"
"184.7000","4.6100","0.1925"
"184.8000","4.6128","0.1927"
"184.9000","4.6154","0.1929"
"185.0000","4.6179","0.1931"
"185.1000","4.6201","0.1932"
"185.2000","4.6222","0.1933"
"185.3000","4.6243","0.1934"
"185.4000","4.6266","0.1936"
"185.5000","4.6291","0.1938"
"185.6000","4.6319","0.1940"
"185.7000","4.6346","0.1942"
"185.8000","4.6371","0.1944"
"185.9000","4.6395","0.1946"
"186.0000","4.6421","0.1948"
"186.1000","4.6448","0.1950"
"186.2000","4.6475","0.1952"
"186.3000","4.6502","0.1954"
"186.4000","4.6527","0.1956"
"186.5000","4.6551","0.1957"
"186.6000","4.6574","0.1958"
"186.7000","4.6597","0.1960"
"186.8000","4.6621","0.1962"
"186.9000","4.6647","0.1964"
"187.0000","4.6675","0.1966"
"187.1000","4.6700","0.1968"
"187.2000","4.6724","0.1969"
"187.3000","4.6746","0.1971"
"187.4000","4.6767","0.1972"
"187.5000","4.6791","0.1973"
"187.6000","4.6817","0.1976"
"187.7000","4.6846","0.1978"
"187.8000","4.6873","0.1980"
"187.9000","4.6899","0.1982"
"188.0000","4.6925","0.1984"
"188.1000","4.6951","0.1986"
"188.2000","4.6978","0.1988"
"188.3000","4.7004","0.1990"
"188.4000","4.7028","0.1991"
"188.5000","4.7052","0.1993"
"188.6000","4.7075","0.1994"
"188.7000","4.7098","0.1996"
"188.8000","4.7122","0.1998"
"188.9000","4.7149","0.2000"
"189.0000","4.7176","0.2002"
"189.1000","4.7203","0.2004"
"189.2000","4.7228","0.2006"
"189.3000","4.7250","0.2007"
"189.4000","4.7272","0.2008"
"189.5000","4.7294","0.2010"
"189.6000","4.7318","0.2011"
"189.7000","4.7345","0.2013"
"189.8000","4.7374","0.2016"
"189.9000","4.7400","0.2018"
"190.0000","4.7424","0.2019"
"190.1000","4.7448","0.2021"
"190.2000","4.7473","0.2023"
"190.3000","4.7500","0.2025"
"190.4000","4.7527","0.2027"
"190.5000","4.7553","0.2029"
"190.6000","4.7578","0.2030"
"190.7000","4.7600","0.2032"
"190.8000","4.7623","0.2033"
"190.9000","4.7648","0.2035"
"191.0000","4.7674","0.2037"
"191.1000","4.7701","0.2039"
"191.2000","4.7727","0.2041"
"191.3000","4.7751","0.2043"
"191.4000","4.7772","0.2044"
"191.5000","4.7793","0.2045"
"191.6000","4.7814","0.2046"
"191.7000","4.7837","0.2048"
"191.8000","4.7864","0.2050"
"191.9000","4.7892","0.2052"
"192.0000","4.7919","0.2054"
"192.1000","4.7945","0.2056"
"192.2000","4.7970","0.2058"
"192.3000","4.7997","0.2060"
"192.4000","4.8024","0.2062"
"192.5000","4.8051","0.2064"
"192.6000","4.8076","0.2066"
"192.7000","4.8101","0.2067"
"192.8000","4.8125","0.2069"
"192.9000","4.8149","0.2070"
"193.0000","4.8174","0.2072"
"193.1000","4.8201","0.2074"
"193.2000","4.8229","0.2076"
"193.3000","4.8255","0.2078"
"193.4000","4.8278","0.2080"
"193.5000","4.8300","0.2081"
"193.6000","4.8321","0.2082"
"193.7000","4.8343","0.2083"
"193.8000","4.8367","0.2085"
"193.9000","4.8394","0.2087"
"194.0000","4.8422","0.2089"
"194.1000","4.8447","0.2091"
"194.2000","4.8472","0.2093"
"194.3000","4.8497","0.2095"
"194.4000","4.8525","0.2097"
"194.5000","4.8552","0.2099"
"194.6000","4.8578","0.2101"
"194.7000","4.8602","0.2102"
"194.8000","4.8626","0.2104"
"194.9000","4.8649","0.2105"
"195.0000","4.8671","0.2107"
"195.1000","4.8695","0.2108"
"195.2000","4.8721","0.2110"
"195.3000","4.8749","0.2112"
"195.4000","4.8776","0.2114"
"195.5000","4.8801","0.2116"
"195.6000","4.8822","0.2117"
"195.7000","4.8843","0.2118"
"195.8000","4.8866","0.2120"
"195.9000","4.8891","0.2122"
"196.0000","4.8919","0.2124"
"196.1000","4.8947","0.2126"
"196.2000","4.8973","0.2128"
"196.3000","4.8999","0.2130"
"196.4000","4.9025","0.2132"
"196.5000","4.9053","0.2134"
"196.6000","4.9081","0.2136"
"196.7000","4.9105","0.2137"
"196.8000","4.9129","0.2139"
"196.9000","4.9151","0.2140"
"197.0000","4.9174","0.2141"
"197.1000","4.9198","0.2143"
"197.2000","4.9224","0.2145"
"197.3000","4.9252","0.2147"
"197.4000","4.9279","0.2149"
"197.5000","4.9305","0.2151"
"197.6000","4.9328","0.2152"
"197.7000","4.9349","0.2154"
"197.8000","4.9370","0.2155"
"197.9000","4.9393","0.2156"
"198.0000","4.9418","0.2158"
"198.1000","4.9445","0.2160"
"198.2000","4.9473","0.2162"
"198.3000","4.9497","0.2164"
"198.4000","4.9521","0.2165"
"198.5000","4.9547","0.2167"
"198.6000","4.9573","0.2169"
"198.7000","4.9600","0.2171"
"198.8000","4.9626","0.2173"
"198.9000","4.9650","0.2175"
"199.0000","4.9674","0.2176"
"199.1000","4.9697","0.2178"
"199.2000","4.9722","0.2179"
"199.3000","4.9749","0.2181"
"199.4000","4.9776","0.2183"
"199.5000","4.9803","0.2185"
"199.6000","4.9828","0.2187"
"199.7000","4.9850","0.2188"
"199.8000","4.9872","0.2189"
"199.9000","4.9893","0.2191"
"200.0000","4.9916","0.2192"
"200.1000","4.9941","0.2194"
"200.2000","4.9968","0.2196"
"200.3000","4.9995","0.2198"
"200.4000","5.0020","0.2200"
"200.5000","5.0047","0.2201"
"200.6000","5.0074","0.2203"
"200.7000","5.0103","0.2206"
"200.8000","5.0129","0.2207"
"200.9000","5.0153","0.2209"
"201.0000","5.0176","0.2210"
"201.1000","5.0199","0.2212"
"201.2000","5.0222","0.2213"
"201.3000","5.0247","0.2215"
"201.4000","5.0273","0.2217"
"201.5000","5.0302","0.2219"
"201.6000","5.0329","0.2221"
"201.7000","5.0353","0.2223"
"201.8000","5.0375","0.2224"
"201.9000","5.0396","0.2225"
"202.0000","5.0418","0.2226"
"202.1000","5.0442","0.2228"
"202.2000","5.0469","0.2230"
"202.3000","5.0497","0.2232"
"202.4000","5.0523","0.2234"
"202.5000","5.0547","0.2235"
"202.6000","5.0572","0.2237"
"202.7000","5.0599","0.2239"
"202.8000","5.0626","0.2241"
"202.9000","5.0653","0.2243"
"203.0000","5.0677","0.2244"
"203.1000","5.0702","0.2246"
"203.2000","5.0725","0.2247"
"203.3000","5.0748","0.2249"
"203.4000","5.0772","0.2250"
"203.5000","5.0798","0.2252"
"203.6000","5.0826","0.2254"
"203.7000","5.0853","0.2256"
"203.8000","5.0877","0.2258"
"203.9000","5.0899","0.2259"
"204.0000","5.0920","0.2260"
"204.1000","5.0942","0.2261"
"204.2000","5.0965","0.2263"
"204.3000","5.0992","0.2265"
"204.4000","5.1020","0.2267"
"204.5000","5.1046","0.2269"
"204.6000","5.1072","0.2270"
"204.7000","5.1097","0.2272"
"204.8000","5.1125","0.2274"
"204.9000","5.1152","0.2276"
"205.0000","5.1178","0.2278"
"205.1000","5.1202","0.2280"
"205.2000","5.1226","0.2281"
"205.3000","5.1249","0.2282"
"205.4000","5.1273","0.2284"
"205.5000","5.1298","0.2286"
"205.6000","5.1324","0.2287"
"205.7000","5.1351","0.2289"
"205.8000","5.1377","0.2291"
"205.8500","5.1390","0.2292"

